{"count":1,"self":284.019584,"total":2169.2732775,"children":{"InitializeActuators":{"count":32,"self":0.0019944999999999997,"total":0.0019944999999999997,"children":null},"InitializeSensors":{"count":32,"self":0.0029903,"total":0.0029903,"children":null},"AgentSendState":{"count":311951,"self":49.9174048,"total":95.9742373,"children":{"CollectObservations":{"count":1996512,"self":0.47458459999999997,"total":0.47458459999999997,"children":null},"WriteActionMask":{"count":1996512,"self":0.6087334,"total":0.6087334,"children":null},"RequestDecision":{"count":1996512,"self":2.4693424,"total":44.9735136,"children":{"AgentInfo.ToProto":{"count":1996512,"self":2.5720708,"total":42.504171199999995,"children":{"GenerateSensorData":{"count":1996512,"self":35.6285952,"total":39.932100399999996,"children":{"RayPerceptionSensor.Perceive":{"count":3993024,"self":4.3035064,"total":4.3035065,"children":null}}}}}}}}},"DecideAction":{"count":311951,"self":1770.8988416,"total":1770.8987556999998,"children":null},"AgentAct":{"count":311951,"self":15.390502399999999,"total":15.4006192,"children":{"AgentInfo.ToProto":{"count":385,"self":4.9E-06,"total":0.0101172,"children":{"GenerateSensorData":{"count":385,"self":0.008166,"total":0.0101123,"children":{"RayPerceptionSensor.Perceive":{"count":770,"self":0.0019463,"total":0.0019463,"children":null}}}}}}},"AgentInfo.ToProto":{"count":72035,"self":0.3639811,"total":2.9741364,"children":{"GenerateSensorData":{"count":72035,"self":2.3945179999999997,"total":2.6101552999999997,"children":{"RayPerceptionSensor.Perceive":{"count":144070,"self":0.2156373,"total":0.2156373,"children":null}}}}}},"gauges":{"PushBlock.CumulativeReward":{"count":72420,"max":4.9976,"min":-0.99994123,"runningAverage":4.94551325,"value":4.9788,"weightedAverage":4.98232031}},"metadata":{"timer_format_version":"0.1.0","start_time_seconds":"1658896232","unity_version":"2020.3.36f1","command_line_arguments":"C:\\Program Files\\Unity\\Hub\\Editor\\2020.3.36f1\\Editor\\Unity.exe -projectPath C:\\Users\\luke\\Desktop\\krkids\\MLIsTheMiraeTechnology","communication_protocol_version":"1.5.0","com.unity.ml-agents_version":"2.2.1-exp.1","scene_name":"PushBlock","end_time_seconds":"1658898402"}}